{"cameraMode":{"drawMode":0,"name":"Shaded","section":"Shading Mode"},"sceneLighting":true,"audioPlay":false,"sceneViewState":{"m_AlwaysRefresh":false,"showFog":true,"showSkybox":true,"showFlares":true,"showImageEffects":true,"showParticleSystems":true,"showVisualEffectGraphs":true,"m_FxEnabled":false},"in2DMode":false,"pivot":{"x":0.07999999076128006,"y":-3.1500000953674318,"z":-0.19999998807907105},"rotation":{"x":0.07785198837518692,"y":0.04246976599097252,"z":-0.0033103448804467918,"w":0.9960708618164063},"size":11.666970252990723,"orthographic":true}